{"train_loss": [0.006757246219678753, 0.005776397456976362], "train_accs": [0.9212039877300614, 0.9290644171779141], "val_metrics": [{"loss": 0.03466713037461233, "f1": 0.7417840375586855, "acc": 0.7355769230769231, "prec": 0.9518072289156626, "rec": 0.6076923076923076}, {"loss": 0.04337898241908242, "f1": 0.7787787787787788, "acc": 0.6458333333333334, "prec": 0.638752052545156, "rec": 0.9974358974358974}], "test_metrics": {"loss": 0.04337898241908242, "f1": 0.7787787787787788, "acc": 0.6458333333333334, "prec": 0.638752052545156, "rec": 0.9974358974358974}}